time,symbol,higher_tf,entry_tf,h1_trend,m15_trend,alignment,rsi,rsi_status,macd_status,candle_confirmation,support,resistance,atr,price_location,entry_zone,setup_status,signal_strength,final_signal,actionable,hot_signal,signal_mode,trade_plan,alert_message,reason,suggested_entry,suggested_sl,suggested_tp,risk_reward_ratio
2026-03-12 14:58:21,XAUUSD,H1,M15,Bullish (Ko'tarilish),Bullish (Ko'tarilish),H1 va M15 bir tomonda. Bullish alignment kuchli.,77.63,Overbought (bozor juda qizigan),Bullish MACD momentum,Bullish candle confirmation,5137.19,5189.75,7.46,Narx resistance ga yaqin.,"Bullish trend bor, lekin narx entry zonasidan uzoq.",NO TRADE,WEAK,WAIT,NO,NO,normal,Hozircha trade ochish tavsiya etilmaydi.,ALERT: Hozircha signal kuchsiz.,Trade ochish uchun yetarli tasdiq yo‘q. Trend va momentum bir tomonda emas.,,,,
2026-03-12 15:10:23,XAUUSD,H1,M15,Bullish (Ko'tarilish),Bullish (Ko'tarilish),H1 va M15 bir tomonda. Bullish alignment kuchli.,71.78,Overbought (bozor juda qizigan),Bullish MACD momentum,Weak bullish candle,5137.19,5191.7,6.94,Narx resistance ga yaqin.,"Bullish trend bor, lekin narx entry zonasidan uzoq.",NO TRADE,WEAK,WAIT,NO,NO,normal,Hozircha trade ochish tavsiya etilmaydi.,ALERT: Hozircha signal kuchsiz.,Trade ochish uchun yetarli tasdiq yo‘q. Trend va momentum bir tomonda emas.,,,,
2026-03-12 15:26:09,XAUUSD,H1,M15,Bullish (Ko'tarilish),Bullish (Ko'tarilish),H1 va M15 bir tomonda. Bullish alignment kuchli.,68.36,Bullish momentum,Bullish MACD momentum,Bearish candle confirmation,5141.16,5191.7,6.86,Narx resistance ga yaqin.,"Bullish trend bor, lekin narx entry zonasidan uzoq.",NO TRADE,WEAK,WAIT,NO,NO,normal,Hozircha trade ochish tavsiya etilmaydi.,ALERT: Hozircha signal kuchsiz.,Trade ochish uchun yetarli tasdiq yo‘q. Trend va momentum bir tomonda emas.,,,,
2026-03-12 15:41:14,XAUUSD,H1,M15,Bullish (Ko'tarilish),Bullish (Ko'tarilish),H1 va M15 bir tomonda. Bullish alignment kuchli.,60.45,Bullish momentum,Bullish MACD momentum,Weak bearish candle,5147.24,5191.7,7.14,Narx support va resistance oralig'ida.,Bullish setup: narx EMA20/support zonasiga yaqin.,NO TRADE,WEAK,WAIT,NO,NO,normal,Hozircha trade ochish tavsiya etilmaydi.,ALERT: Hozircha signal kuchsiz.,Trade ochish uchun yetarli tasdiq yo‘q. Trend va momentum bir tomonda emas.,,,,
2026-03-12 15:45:40,XAUUSD,H1,M15,Bullish (Ko'tarilish),Bullish (Ko'tarilish),H1 va M15 bir tomonda. Bullish alignment kuchli.,64.7,Bullish momentum,Bullish MACD momentum,Bullish candle confirmation,5147.24,5191.7,6.97,Narx resistance ga yaqin.,"Bullish trend bor, lekin narx entry zonasidan uzoq.",READY BUY,STRONG,WAIT,YES,YES,normal,"Buy setup tayyor. Entry, SL va TP asosida buy ko'rib chiqilishi mumkin.","ALERT: Setup bor, lekin risk/reward yoki tasdiq yetarli emas.","Buy setup tayyor, lekin RR hali hisoblanmagan. Hozirgi signal rejimi: normal.",5183.41,5143.76,5191.7,
2026-03-12 16:02:02,XAUUSD,H1,M15,Bullish (Ko'tarilish),Bullish (Ko'tarilish),H1 va M15 bir tomonda. Bullish alignment kuchli.,55.74,Bullish momentum,Bearish MACD momentum,Weak bullish candle,5147.24,5191.7,6.54,Narx resistance ga yaqin.,"Bullish trend bor, lekin narx entry zonasidan uzoq.",NO TRADE,WEAK,WAIT,NO,NO,normal,Hozircha trade ochish tavsiya etilmaydi.,ALERT: Hozircha signal kuchsiz.,Trade ochish uchun yetarli tasdiq yo‘q. Trend va momentum bir tomonda emas.,,,,
2026-03-12 16:08:27,XAUUSD,H1,M15,Bullish (Ko'tarilish),Bullish (Ko'tarilish),H1 va M15 bir tomonda. Bullish alignment kuchli.,53.18,Bullish momentum,Bearish MACD momentum,Weak bearish candle,5147.24,5191.7,6.64,Narx resistance ga yaqin.,Bullish setup: narx EMA20/support zonasiga yaqin.,NO TRADE,WEAK,WAIT,NO,NO,normal,Hozircha trade ochish tavsiya etilmaydi.,ALERT: Hozircha signal kuchsiz.,Trade ochish uchun yetarli tasdiq yo‘q. Trend va momentum bir tomonda emas.,,,,
2026-03-12 16:13:39,XAUUSD,H1,M15,Bullish (Ko'tarilish),Bullish (Ko'tarilish),H1 va M15 bir tomonda. Bullish alignment kuchli.,52.26,Bullish momentum,Bearish MACD momentum,Weak bearish candle,5147.24,5191.7,6.7,Narx resistance ga yaqin.,Bullish setup: narx EMA20/support zonasiga yaqin.,NO TRADE,WEAK,WAIT,NO,NO,normal,Hozircha trade ochish tavsiya etilmaydi.,ALERT: Hozircha signal kuchsiz.,Trade ochish uchun yetarli tasdiq yo‘q. Trend va momentum bir tomonda emas.,,,,
2026-03-12 16:23:06,XAUUSD,H1,M15,Bullish (Ko'tarilish),Bullish (Ko'tarilish),H1 va M15 bir tomonda. Bullish alignment kuchli.,46.09,Bearish momentum,Bearish MACD momentum,Weak bullish candle,5156.05,5191.7,6.53,Narx support va resistance oralig'ida.,Bullish setup: narx EMA20/support zonasiga yaqin.,BUY WATCH,MEDIUM,WAIT,YES,NO,normal,Buy setup shakllanmoqda. Support/EMA yaqinida kuzatish kerak.,ALERT: Buy setup kuzatilyapti.,"Higher timeframe yoki zone buy tomonini qo‘llab-quvvatlayapti, lekin entry hali to‘liq tayyor emas.",,,,
2026-03-12 16:24:19,XAUUSD,H1,M15,Bullish (Ko'tarilish),Bullish (Ko'tarilish),H1 va M15 bir tomonda. Bullish alignment kuchli.,45.45,Bearish momentum,Bearish MACD momentum,Bearish candle confirmation,5156.05,5191.7,6.53,Narx support va resistance oralig'ida.,Bullish setup: narx EMA20/support zonasiga yaqin.,NO TRADE,WEAK,WAIT,NO,NO,normal,Hozircha trade ochish tavsiya etilmaydi.,ALERT: Hozircha signal kuchsiz.,Trade ochish uchun yetarli tasdiq yo‘q. Trend va momentum bir tomonda emas.,,,,
2026-03-12 16:33:36,XAUUSD,H1,M15,Bullish (Ko'tarilish),Bullish (Ko'tarilish),H1 va M15 bir tomonda. Bullish alignment kuchli.,46.79,Bearish momentum,Bearish MACD momentum,Weak bullish candle,5164.47,5191.7,6.16,Narx support va resistance oralig'ida.,Bullish setup: narx EMA20/support zonasiga yaqin.,BUY WATCH,MEDIUM,WAIT,YES,NO,normal,Buy setup shakllanmoqda. Support/EMA yaqinida kuzatish kerak.,ALERT: Buy setup kuzatilyapti.,"Higher timeframe yoki zone buy tomonini qo‘llab-quvvatlayapti, lekin entry hali to‘liq tayyor emas.",,,,
2026-03-12 16:36:42,XAUUSD,H1,M15,Bullish (Ko'tarilish),Bullish (Ko'tarilish),H1 va M15 bir tomonda. Bullish alignment kuchli.,43.46,Bearish momentum,Bearish MACD momentum,Weak bearish candle,5164.47,5191.7,6.23,Narx support va resistance oralig'ida.,Bullish setup: narx EMA20/support zonasiga yaqin.,NO TRADE,WEAK,WAIT,NO,NO,normal,Hozircha trade ochish tavsiya etilmaydi.,ALERT: Hozircha signal kuchsiz.,Trade ochish uchun yetarli tasdiq yo‘q. Trend va momentum bir tomonda emas.,,,,
2026-03-12 16:45:47,XAUUSD,H1,M15,Bullish (Ko'tarilish),Bullish (Ko'tarilish),H1 va M15 bir tomonda. Bullish alignment kuchli.,51.17,Bullish momentum,Bearish MACD momentum,Weak bearish candle,5164.47,5191.7,6.01,Narx support va resistance oralig'ida.,Bullish setup: narx EMA20/support zonasiga yaqin.,NO TRADE,WEAK,WAIT,NO,NO,normal,Hozircha trade ochish tavsiya etilmaydi.,ALERT: Hozircha signal kuchsiz.,Trade ochish uchun yetarli tasdiq yo‘q. Trend va momentum bir tomonda emas.,,,,
2026-03-12 16:52:59,XAUUSD,H1,M15,Bullish (Ko'tarilish),Bullish (Ko'tarilish),H1 va M15 bir tomonda. Bullish alignment kuchli.,50.75,Bullish momentum,Bearish MACD momentum,Weak bearish candle,5164.47,5191.7,6.08,Narx support va resistance oralig'ida.,Bullish setup: narx EMA20/support zonasiga yaqin.,NO TRADE,WEAK,WAIT,NO,NO,normal,Hozircha trade ochish tavsiya etilmaydi.,ALERT: Hozircha signal kuchsiz.,Trade ochish uchun yetarli tasdiq yo‘q. Trend va momentum bir tomonda emas.,,,,
2026-03-12 17:00:35,XAUUSD,H1,M15,Bullish (Ko'tarilish),Bullish (Ko'tarilish),H1 va M15 bir tomonda. Bullish alignment kuchli.,47.5,Bearish momentum,Bearish MACD momentum,Weak bullish candle,5166.01,5191.7,6.03,Narx support va resistance oralig'ida.,Bullish setup: narx EMA20/support zonasiga yaqin.,BUY WATCH,MEDIUM,WAIT,YES,NO,normal,Buy setup shakllanmoqda. Support/EMA yaqinida kuzatish kerak.,ALERT: Buy setup kuzatilyapti.,"Higher timeframe yoki zone buy tomonini qo‘llab-quvvatlayapti, lekin entry hali to‘liq tayyor emas.",,,,
2026-03-12 17:11:32,XAUUSD,H1,M15,Bullish (Ko'tarilish),Bullish (Ko'tarilish),H1 va M15 bir tomonda. Bullish alignment kuchli.,37.36,Bearish momentum,Bearish MACD momentum,Bearish candle confirmation,5166.01,5191.7,6.75,Narx support ga yaqin.,Bullish setup: narx EMA20/support zonasiga yaqin.,NO TRADE,WEAK,WAIT,NO,NO,normal,Hozircha trade ochish tavsiya etilmaydi.,ALERT: Hozircha signal kuchsiz.,"WAIT sababi: setup hali READY holatiga kelmagan, signal strength yetarli emas.",,,,
2026-03-12 17:19:43,XAUUSD,H1,M15,Bullish (Ko'tarilish),Bullish (Ko'tarilish),H1 va M15 bir tomonda. Bullish alignment kuchli.,40.29,Bearish momentum,Bearish MACD momentum,Weak bullish candle,5165.72,5191.7,6.61,Narx support ga yaqin.,Bullish setup: narx EMA20/support zonasiga yaqin.,BUY WATCH,MEDIUM,WAIT,YES,NO,normal,Buy setup shakllanmoqda. Support/EMA yaqinida kuzatish kerak.,ALERT: Buy setup kuzatilyapti.,WAIT sababi: setup hali READY holatiga kelmagan.,,,,
2026-03-12 17:19:46,XAUUSD,H1,M15,Bullish (Ko'tarilish),Bullish (Ko'tarilish),H1 va M15 bir tomonda. Bullish alignment kuchli.,40.32,Bearish momentum,Bearish MACD momentum,Weak bullish candle,5165.72,5191.7,6.61,Narx support ga yaqin.,Bullish setup: narx EMA20/support zonasiga yaqin.,BUY WATCH,MEDIUM,WAIT,YES,NO,normal,Buy setup shakllanmoqda. Support/EMA yaqinida kuzatish kerak.,ALERT: Buy setup kuzatilyapti.,WAIT sababi: setup hali READY holatiga kelmagan.,,,,
2026-03-12 17:26:13,XAUUSD,H1,M15,Bullish (Ko'tarilish),Bullish (Ko'tarilish),H1 va M15 bir tomonda. Bullish alignment kuchli.,40.58,Bearish momentum,Bearish MACD momentum,Weak bullish candle,5163.85,5191.7,6.78,Narx support ga yaqin.,Bullish setup: narx EMA20/support zonasiga yaqin.,BUY WATCH,MEDIUM,WAIT,YES,NO,normal,Buy setup shakllanmoqda. Support/EMA yaqinida kuzatish kerak.,ALERT: Buy setup kuzatilyapti.,WAIT sababi: setup hali READY holatiga kelmagan.,,,,
2026-03-12 17:38:14,XAUUSD,H1,M15,Bullish (Ko'tarilish),Bullish (Ko'tarilish),H1 va M15 bir tomonda. Bullish alignment kuchli.,45.06,Bearish momentum,Bearish MACD momentum,Weak bearish candle,5163.85,5191.7,6.93,Narx support va resistance oralig'ida.,Bullish setup: narx EMA20/support zonasiga yaqin.,BUY WATCH,MEDIUM,WAIT,YES,NO,normal,Buy setup shakllanmoqda. Support/EMA yaqinida kuzatish kerak.,ALERT: Buy setup kuzatilyapti.,WAIT sababi: setup hali READY holatiga kelmagan.,,,,
2026-03-12 18:00:23,XAUUSD,H1,M15,Bullish (Ko'tarilish),Bullish (Ko'tarilish),H1 va M15 bir tomonda. Bullish alignment kuchli.,46.57,Bearish momentum,Bearish MACD momentum,Weak bearish candle,5163.85,5191.7,7.01,Narx support va resistance oralig'ida.,Bullish setup: narx EMA20/support zonasiga yaqin.,BUY WATCH,MEDIUM,WAIT,YES,NO,normal,Buy setup shakllanmoqda. Support/EMA yaqinida kuzatish kerak.,ALERT: Buy setup kuzatilyapti.,WAIT sababi: setup hali READY holatiga kelmagan.,,,,
2026-03-12 18:01:19,XAUUSD,H1,M15,Bullish (Ko'tarilish),Bullish (Ko'tarilish),H1 va M15 bir tomonda. Bullish alignment kuchli.,49.71,Bearish momentum,Bearish MACD momentum,Weak bullish candle,5163.85,5191.7,7.19,Narx support va resistance oralig'ida.,"Bullish trend bor, lekin narx entry zonasidan uzoq.",BUY WATCH,MEDIUM,WAIT,YES,NO,normal,Buy setup shakllanmoqda. Support/EMA yaqinida kuzatish kerak.,ALERT: Buy setup kuzatilyapti.,WAIT sababi: setup hali READY holatiga kelmagan.,,,,
2026-03-12 18:58:17,XAUUSD,H1,M15,Bullish (Ko'tarilish),Bullish (Ko'tarilish),H1 va M15 bir tomonda. Bullish alignment kuchli.,30.3,Bearish momentum,Bearish MACD momentum,Bearish candle confirmation,5146.09,5191.7,9.85,Narx support ga yaqin.,Bullish setup: narx EMA20/support zonasiga yaqin.,BUY WATCH,MEDIUM,WAIT,YES,NO,normal,Buy setup shakllanmoqda. Support/EMA yaqinida kuzatish kerak.,ALERT: Buy setup kuzatilyapti.,WAIT sababi: setup hali READY holatiga kelmagan.,,,,
2026-03-12 18:58:48,XAUUSD,H1,M15,Bullish (Ko'tarilish),Bullish (Ko'tarilish),H1 va M15 bir tomonda. Bullish alignment kuchli.,30.33,Bearish momentum,Bearish MACD momentum,Bearish candle confirmation,5146.09,5191.7,9.85,Narx support ga yaqin.,Bullish setup: narx EMA20/support zonasiga yaqin.,BUY WATCH,MEDIUM,WAIT,YES,NO,normal,Buy setup shakllanmoqda. Support/EMA yaqinida kuzatish kerak.,ALERT: Buy setup kuzatilyapti.,WAIT sababi: setup hali READY holatiga kelmagan.,,,,
2026-03-12 20:10:21,XAUUSD,H1,M15,Bearish (Tushish),Bearish (Tushish),H1 va M15 bir tomonda. Bearish alignment kuchli.,25.13,Oversold (bozor juda tushgan),Bearish MACD momentum,Bearish candle confirmation,5127.33,5187.28,13.02,Narx support ga yaqin.,"Bearish trend bor, lekin narx entry zonasidan uzoq.",SELL WATCH,STRONG,WAIT,YES,NO,normal,Sell setup shakllanmoqda. Resistance/EMA yaqinida kuzatish kerak.,ALERT: Sell setup kuzatilyapti.,WAIT sababi: setup hali READY holatiga kelmagan.,,,,
2026-03-12 21:56:33,XAUUSD,H1,M15,Bearish (Tushish),Bearish (Tushish),H1 va M15 bir tomonda. Bearish alignment kuchli.,22.53,Oversold (bozor juda tushgan),Bearish MACD momentum,Bearish candle confirmation,5109.91,5187.28,14.26,Narx support ga yaqin.,"Bearish trend bor, lekin narx entry zonasidan uzoq.",SELL WATCH,STRONG,WAIT,YES,NO,normal,Sell setup shakllanmoqda. Resistance/EMA yaqinida kuzatish kerak.,ALERT: Sell setup kuzatilyapti.,WAIT sababi: setup hali READY holatiga kelmagan.,,,,
2026-03-12 22:04:51,XAUUSD,H1,M15,Bearish (Tushish),Bearish (Tushish),H1 va M15 bir tomonda. Bearish alignment kuchli.,31.1,Bearish momentum,Bearish MACD momentum,Weak bullish candle,5109.91,5186.15,14.31,Narx support ga yaqin.,"Bearish trend bor, lekin narx entry zonasidan uzoq.",SELL WATCH,STRONG,WAIT,YES,NO,normal,Sell setup shakllanmoqda. Resistance/EMA yaqinida kuzatish kerak.,ALERT: Sell setup kuzatilyapti.,WAIT sababi: setup hali READY holatiga kelmagan.,,,,
2026-03-12 22:45:27,XAUUSD,H1,M15,Bearish (Tushish),Bearish (Tushish),H1 va M15 bir tomonda. Bearish alignment kuchli.,19.59,Oversold (bozor juda tushgan),Bearish MACD momentum,Weak bearish candle,5105.16,5186.15,13.63,Narx support ga yaqin.,"Bearish trend bor, lekin narx entry zonasidan uzoq.",SELL WATCH,MEDIUM,WAIT,YES,NO,normal,Sell setup shakllanmoqda. Resistance/EMA yaqinida kuzatish kerak.,ALERT: Sell setup kuzatilyapti.,WAIT sababi: setup hali READY holatiga kelmagan.,,,,
2026-03-13 09:14:51,XAUUSD,H1,M15,Bearish (Tushish),Bearish (Tushish),H1 va M15 bir tomonda. Bearish alignment kuchli.,56.24,Bullish momentum,Bullish MACD momentum,Weak bearish candle,5090.48,5128.53,7.57,Narx support va resistance oralig'ida.,Bearish setup: narx EMA20/resistance zonasiga yaqin.,SELL WATCH,MEDIUM,WAIT,YES,NO,normal,Sell setup shakllanmoqda. Resistance/EMA yaqinida kuzatish kerak.,ALERT: Sell setup kuzatilyapti.,WAIT sababi: setup hali READY holatiga kelmagan.,,,,
2026-03-13 09:27:41,XAUUSD,H1,M15,Bearish (Tushish),Bullish (Ko'tarilish),"H1 bearish, M15 bullish. Bu counter-trend rebound bo'lishi mumkin.",43.74,Bearish momentum,Bearish MACD momentum,Bearish candle confirmation,5091.97,5128.53,7.75,Narx support va resistance oralig'ida.,Bullish setup: narx EMA20/support zonasiga yaqin.,NO TRADE,WEAK,WAIT,NO,NO,normal,Hozircha trade ochish tavsiya etilmaydi.,ALERT: Hozircha signal kuchsiz.,"WAIT sababi: setup hali READY holatiga kelmagan, signal strength yetarli emas.",,,,
2026-03-13 09:30:33,XAUUSD,H1,M15,Bearish (Tushish),Bearish (Tushish),H1 va M15 bir tomonda. Bearish alignment kuchli.,34.88,Bearish momentum,Bearish MACD momentum,Weak bearish candle,5094.7,5128.53,7.38,Narx support va resistance oralig'ida.,Bearish setup: narx EMA20/resistance zonasiga yaqin.,READY SELL,STRONG,WAIT,YES,YES,normal,"Sell setup tayyor. Entry, SL va TP asosida sell ko'rib chiqilishi mumkin.","ALERT: Setup bor, lekin risk/reward yoki tasdiq yetarli emas.","WAIT sababi: SELL uchun barcha final shartlar hali to‘liq bajarilmagan, risk/reward hali yetarli emas.",5104.76,5132.22,5094.7,
2026-03-13 09:42:46,XAUUSD,H1,M15,Bearish (Tushish),Bearish (Tushish),H1 va M15 bir tomonda. Bearish alignment kuchli.,35.21,Bearish momentum,Bearish MACD momentum,Weak bearish candle,5094.7,5128.53,7.55,Narx support va resistance oralig'ida.,Bearish setup: narx EMA20/resistance zonasiga yaqin.,READY SELL,STRONG,WAIT,YES,YES,normal,"Sell setup tayyor. Entry, SL va TP asosida sell ko'rib chiqilishi mumkin.","ALERT: Setup bor, lekin risk/reward yoki tasdiq yetarli emas.","WAIT sababi: SELL uchun barcha final shartlar hali to‘liq bajarilmagan, risk/reward hali yetarli emas.",5105.22,5132.3,5094.7,
2026-03-13 09:56:54,XAUUSD,H1,M15,Bearish (Tushish),Bearish (Tushish),H1 va M15 bir tomonda. Bearish alignment kuchli.,34.93,Bearish momentum,Bearish MACD momentum,Weak bearish candle,5097.35,5128.53,7.33,Narx support ga yaqin.,Bearish setup: narx EMA20/resistance zonasiga yaqin.,READY SELL,STRONG,WAIT,YES,YES,normal,"Sell setup tayyor. Entry, SL va TP asosida sell ko'rib chiqilishi mumkin.","ALERT: Setup bor, lekin risk/reward yoki tasdiq yetarli emas.","WAIT sababi: SELL uchun barcha final shartlar hali to‘liq bajarilmagan, risk/reward hali yetarli emas.",5104.23,5132.19,5097.35,
2026-03-13 10:11:29,XAUUSD,H1,M15,Bearish (Tushish),Bearish (Tushish),H1 va M15 bir tomonda. Bearish alignment kuchli.,45.3,Bearish momentum,Bearish MACD momentum,Bullish candle confirmation,5102.68,5128.53,7.02,Narx support ga yaqin.,Bearish setup: narx EMA20/resistance zonasiga yaqin.,SELL WATCH,STRONG,WAIT,YES,NO,normal,Sell setup shakllanmoqda. Resistance/EMA yaqinida kuzatish kerak.,ALERT: Sell setup kuzatilyapti.,WAIT sababi: setup hali READY holatiga kelmagan.,,,,
2026-03-13 10:28:34,XAUUSD,H1,M15,Bearish (Tushish),Bearish (Tushish),H1 va M15 bir tomonda. Bearish alignment kuchli.,26.42,Oversold (bozor juda tushgan),Bearish MACD momentum,Weak bearish candle,5102.68,5128.53,6.33,Narx support ga yaqin.,Bearish setup: narx EMA20/resistance zonasiga yaqin.,SELL WATCH,MEDIUM,WAIT,YES,NO,normal,Sell setup shakllanmoqda. Resistance/EMA yaqinida kuzatish kerak.,ALERT: Sell setup kuzatilyapti.,WAIT sababi: setup hali READY holatiga kelmagan.,,,,
2026-03-13 10:34:00,XAUUSD,H1,M15,Bearish (Tushish),Bearish (Tushish),H1 va M15 bir tomonda. Bearish alignment kuchli.,33.77,Bearish momentum,Bearish MACD momentum,Weak bullish candle,5102.68,5128.53,6.49,Narx support va resistance oralig'ida.,Bearish setup: narx EMA20/resistance zonasiga yaqin.,SELL WATCH,STRONG,WAIT,YES,NO,normal,Sell setup shakllanmoqda. Resistance/EMA yaqinida kuzatish kerak.,ALERT: Sell setup kuzatilyapti.,WAIT sababi: setup hali READY holatiga kelmagan.,,,,
2026-03-13 10:44:43,XAUUSD,H1,M15,Bearish (Tushish),Bearish (Tushish),H1 va M15 bir tomonda. Bearish alignment kuchli.,23.46,Oversold (bozor juda tushgan),Bearish MACD momentum,Bearish candle confirmation,5100.24,5128.53,6.76,Narx support ga yaqin.,"Bearish trend bor, lekin narx entry zonasidan uzoq.",SELL WATCH,STRONG,WAIT,YES,NO,normal,Sell setup shakllanmoqda. Resistance/EMA yaqinida kuzatish kerak.,ALERT: Sell setup kuzatilyapti.,WAIT sababi: setup hali READY holatiga kelmagan.,,,,
2026-03-13 10:48:41,XAUUSD,H1,M15,Bearish (Tushish),Bearish (Tushish),H1 va M15 bir tomonda. Bearish alignment kuchli.,27.57,Oversold (bozor juda tushgan),Bearish MACD momentum,Weak bullish candle,5098.41,5128.53,6.5,Narx support ga yaqin.,Bearish setup: narx EMA20/resistance zonasiga yaqin.,SELL WATCH,MEDIUM,WAIT,YES,NO,normal,Sell setup shakllanmoqda. Resistance/EMA yaqinida kuzatish kerak.,ALERT: Sell setup kuzatilyapti.,WAIT sababi: setup hali READY holatiga kelmagan.,,,,
2026-03-13 10:53:56,XAUUSD,H1,M15,Bearish (Tushish),Bearish (Tushish),H1 va M15 bir tomonda. Bearish alignment kuchli.,23.71,Oversold (bozor juda tushgan),Bearish MACD momentum,Bearish candle confirmation,5098.41,5128.53,6.69,Narx support ga yaqin.,"Bearish trend bor, lekin narx entry zonasidan uzoq.",SELL WATCH,STRONG,WAIT,YES,NO,normal,Sell setup shakllanmoqda. Resistance/EMA yaqinida kuzatish kerak.,ALERT: Sell setup kuzatilyapti.,WAIT sababi: setup hali READY holatiga kelmagan.,,,,
2026-03-13 11:06:30,XAUUSD,H1,M15,Bearish (Tushish),Bearish (Tushish),H1 va M15 bir tomonda. Bearish alignment kuchli.,36.59,Bearish momentum,Bearish MACD momentum,Bullish candle confirmation,5098.41,5128.53,6.69,Narx support va resistance oralig'ida.,Bearish setup: narx EMA20/resistance zonasiga yaqin.,SELL WATCH,STRONG,WAIT,YES,NO,normal,Sell setup shakllanmoqda. Resistance/EMA yaqinida kuzatish kerak.,ALERT: Sell setup kuzatilyapti.,WAIT sababi: setup hali READY holatiga kelmagan.,,,,
2026-03-13 11:23:38,XAUUSD,H1,M15,Bearish (Tushish),Bearish (Tushish),H1 va M15 bir tomonda. Bearish alignment kuchli.,33.33,Bearish momentum,Bearish MACD momentum,Bearish candle confirmation,5095.66,5128.53,6.74,Narx support ga yaqin.,"Bearish trend bor, lekin narx entry zonasidan uzoq.",READY SELL,STRONG,WAIT,YES,YES,normal,"Sell setup tayyor. Entry, SL va TP asosida sell ko'rib chiqilishi mumkin.","ALERT: Setup bor, lekin risk/reward yoki tasdiq yetarli emas.","WAIT sababi: SELL uchun barcha final shartlar hali to‘liq bajarilmagan, risk/reward hali yetarli emas.",5098.59,5131.9,5095.66,
2026-03-13 11:26:03,XAUUSD,H1,M15,Bearish (Tushish),Bearish (Tushish),H1 va M15 bir tomonda. Bearish alignment kuchli.,29.37,Oversold (bozor juda tushgan),Bearish MACD momentum,Bearish candle confirmation,5092.82,5128.53,6.94,Narx support ga yaqin.,"Bearish trend bor, lekin narx entry zonasidan uzoq.",SELL WATCH,STRONG,WAIT,YES,NO,normal,Sell setup shakllanmoqda. Resistance/EMA yaqinida kuzatish kerak.,ALERT: Sell setup kuzatilyapti.,WAIT sababi: setup hali READY holatiga kelmagan.,,,,
2026-03-13 11:26:13,XAUUSD,H1,M15,Bearish (Tushish),Bearish (Tushish),H1 va M15 bir tomonda. Bearish alignment kuchli.,30.17,Bearish momentum,Bearish MACD momentum,Bearish candle confirmation,5092.82,5128.53,6.94,Narx support ga yaqin.,"Bearish trend bor, lekin narx entry zonasidan uzoq.",READY SELL,STRONG,WAIT,YES,YES,normal,"Sell setup tayyor. Entry, SL va TP asosida sell ko'rib chiqilishi mumkin.","ALERT: Setup bor, lekin risk/reward yoki tasdiq yetarli emas.","WAIT sababi: SELL uchun barcha final shartlar hali to‘liq bajarilmagan, risk/reward hali yetarli emas.",5094.35,5132.0,5092.82,
2026-03-13 11:27:29,XAUUSD,H1,M15,Bearish (Tushish),Bearish (Tushish),H1 va M15 bir tomonda. Bearish alignment kuchli.,30.22,Bearish momentum,Bearish MACD momentum,Bearish candle confirmation,5091.18,5128.53,7.06,Narx support ga yaqin.,"Bearish trend bor, lekin narx entry zonasidan uzoq.",READY SELL,STRONG,WAIT,YES,YES,normal,"Sell setup tayyor. Entry, SL va TP asosida sell ko'rib chiqilishi mumkin.","ALERT: Setup bor, lekin risk/reward yoki tasdiq yetarli emas.","WAIT sababi: SELL uchun barcha final shartlar hali to‘liq bajarilmagan, risk/reward hali yetarli emas.",5094.43,5132.06,5091.18,
2026-03-13 11:36:09,XAUUSD,H1,M15,Bearish (Tushish),Bearish (Tushish),H1 va M15 bir tomonda. Bearish alignment kuchli.,32.56,Bearish momentum,Bearish MACD momentum,Weak bullish candle,5088.9,5128.53,7.2,Narx support ga yaqin.,"Bearish trend bor, lekin narx entry zonasidan uzoq.",SELL WATCH,STRONG,WAIT,YES,NO,normal,Sell setup shakllanmoqda. Resistance/EMA yaqinida kuzatish kerak.,ALERT: Sell setup kuzatilyapti.,WAIT sababi: setup hali READY holatiga kelmagan.,,,,
2026-03-13 11:47:25,XAUUSD,H1,M15,Bearish (Tushish),Bearish (Tushish),H1 va M15 bir tomonda. Bearish alignment kuchli.,33.48,Bearish momentum,Bearish MACD momentum,Weak bullish candle,5087.9,5128.53,7.37,Narx support ga yaqin.,"Bearish trend bor, lekin narx entry zonasidan uzoq.",SELL WATCH,STRONG,WAIT,YES,NO,normal,Sell setup shakllanmoqda. Resistance/EMA yaqinida kuzatish kerak.,ALERT: Sell setup kuzatilyapti.,WAIT sababi: setup hali READY holatiga kelmagan.,,,,
2026-03-13 11:47:34,XAUUSD,H1,M15,Bearish (Tushish),Bearish (Tushish),H1 va M15 bir tomonda. Bearish alignment kuchli.,33.24,Bearish momentum,Bearish MACD momentum,Weak bullish candle,5087.9,5128.53,7.39,Narx support ga yaqin.,"Bearish trend bor, lekin narx entry zonasidan uzoq.",SELL WATCH,STRONG,WAIT,YES,NO,normal,Sell setup shakllanmoqda. Resistance/EMA yaqinida kuzatish kerak.,ALERT: Sell setup kuzatilyapti.,WAIT sababi: setup hali READY holatiga kelmagan.,,,,
2026-03-13 11:56:23,XAUUSD,H1,M15,Bearish (Tushish),Bearish (Tushish),H1 va M15 bir tomonda. Bearish alignment kuchli.,27.82,Oversold (bozor juda tushgan),Bearish MACD momentum,Weak bearish candle,5085.75,5128.53,7.73,Narx support ga yaqin.,"Bearish trend bor, lekin narx entry zonasidan uzoq.",SELL WATCH,MEDIUM,WAIT,YES,NO,normal,Sell setup shakllanmoqda. Resistance/EMA yaqinida kuzatish kerak.,ALERT: Sell setup kuzatilyapti.,WAIT sababi: setup hali READY holatiga kelmagan.,,,,
2026-03-13 11:56:37,XAUUSD,H1,M15,Bearish (Tushish),Bearish (Tushish),H1 va M15 bir tomonda. Bearish alignment kuchli.,27.29,Oversold (bozor juda tushgan),Bearish MACD momentum,Weak bearish candle,5085.75,5128.53,7.73,Narx support ga yaqin.,"Bearish trend bor, lekin narx entry zonasidan uzoq.",SELL WATCH,MEDIUM,WAIT,YES,NO,normal,Sell setup shakllanmoqda. Resistance/EMA yaqinida kuzatish kerak.,ALERT: Sell setup kuzatilyapti.,WAIT sababi: setup hali READY holatiga kelmagan.,,,,
2026-03-13 11:57:30,XAUUSD,H1,M15,Bearish (Tushish),Bearish (Tushish),H1 va M15 bir tomonda. Bearish alignment kuchli.,28.71,Oversold (bozor juda tushgan),Bearish MACD momentum,Weak bearish candle,5085.75,5128.53,7.73,Narx support ga yaqin.,"Bearish trend bor, lekin narx entry zonasidan uzoq.",SELL WATCH,MEDIUM,WAIT,YES,NO,normal,Sell setup shakllanmoqda. Resistance/EMA yaqinida kuzatish kerak.,ALERT: Sell setup kuzatilyapti.,WAIT sababi: setup hali READY holatiga kelmagan.,,,,
2026-03-13 13:50:56,XAUUSD,H1,M15,Bearish (Tushish),Bearish (Tushish),H1 va M15 bir tomonda. Bearish alignment kuchli.,35.98,Bearish momentum,Bearish MACD momentum,Bullish candle confirmation,5061.53,5117.92,12.07,Narx support va resistance oralig'ida.,Bearish setup: narx EMA20/resistance zonasiga yaqin.,SELL WATCH,STRONG,WAIT,YES,NO,normal,Sell setup shakllanmoqda. Resistance/EMA yaqinida kuzatish kerak.,ALERT: Sell setup kuzatilyapti.,WAIT sababi: setup hali READY holatiga kelmagan.,,,,
2026-03-13 13:56:40,XAUUSD,H1,M15,Bearish (Tushish),Bearish (Tushish),H1 va M15 bir tomonda. Bearish alignment kuchli.,33.51,Bearish momentum,Bearish MACD momentum,Weak bullish candle,5061.53,5117.92,12.11,Narx support va resistance oralig'ida.,Bearish setup: narx EMA20/resistance zonasiga yaqin.,SELL WATCH,STRONG,WAIT,YES,NO,normal,Sell setup shakllanmoqda. Resistance/EMA yaqinida kuzatish kerak.,ALERT: Sell setup kuzatilyapti.,WAIT sababi: setup hali READY holatiga kelmagan.,,,,
2026-03-13 13:57:54,XAUUSD,H1,M15,Bearish (Tushish),Bearish (Tushish),H1 va M15 bir tomonda. Bearish alignment kuchli.,34.64,Bearish momentum,Bearish MACD momentum,Bullish candle confirmation,5061.53,5117.92,12.11,Narx support va resistance oralig'ida.,Bearish setup: narx EMA20/resistance zonasiga yaqin.,SELL WATCH,STRONG,WAIT,YES,NO,normal,Sell setup shakllanmoqda. Resistance/EMA yaqinida kuzatish kerak.,ALERT: Sell setup kuzatilyapti.,WAIT sababi: setup hali READY holatiga kelmagan.,,,,
2026-03-13 13:57:55,XAUUSD,H1,M15,Bearish (Tushish),Bearish (Tushish),H1 va M15 bir tomonda. Bearish alignment kuchli.,34.84,Bearish momentum,Bearish MACD momentum,Bullish candle confirmation,5061.53,5117.92,12.11,Narx support va resistance oralig'ida.,Bearish setup: narx EMA20/resistance zonasiga yaqin.,SELL WATCH,STRONG,WAIT,YES,NO,normal,Sell setup shakllanmoqda. Resistance/EMA yaqinida kuzatish kerak.,ALERT: Sell setup kuzatilyapti.,WAIT sababi: setup hali READY holatiga kelmagan.,,,,
2026-03-13 14:08:44,XAUUSD,H1,M15,Bearish (Tushish),Bearish (Tushish),H1 va M15 bir tomonda. Bearish alignment kuchli.,44.92,Bearish momentum,Bearish MACD momentum,Bullish candle confirmation,5061.53,5114.43,12.16,Narx support va resistance oralig'ida.,Bearish setup: narx EMA20/resistance zonasiga yaqin.,SELL WATCH,STRONG,WAIT,YES,NO,normal,Sell setup shakllanmoqda. Resistance/EMA yaqinida kuzatish kerak.,ALERT: Sell setup kuzatilyapti.,WAIT sababi: setup hali READY holatiga kelmagan.,,,,
2026-03-13 14:43:21,XAUUSD,H1,M15,Bearish (Tushish),Bearish (Tushish),H1 va M15 bir tomonda. Bearish alignment kuchli.,37.5,Bearish momentum,Bullish MACD momentum,Weak bearish candle,5061.53,5111.15,12.51,Narx support va resistance oralig'ida.,Bearish setup: narx EMA20/resistance zonasiga yaqin.,SELL WATCH,MEDIUM,WAIT,YES,NO,normal,Sell setup shakllanmoqda. Resistance/EMA yaqinida kuzatish kerak.,ALERT: Sell setup kuzatilyapti.,WAIT sababi: setup hali READY holatiga kelmagan.,,,,
2026-03-13 14:56:50,XAUUSD,H1,M15,Bearish (Tushish),Bearish (Tushish),H1 va M15 bir tomonda. Bearish alignment kuchli.,48.02,Bearish momentum,Bullish MACD momentum,Bullish candle confirmation,5061.53,5111.15,12.08,Narx support va resistance oralig'ida.,Bearish setup: narx EMA20/resistance zonasiga yaqin.,SELL WATCH,MEDIUM,WAIT,YES,NO,normal,Sell setup shakllanmoqda. Resistance/EMA yaqinida kuzatish kerak.,ALERT: Sell setup kuzatilyapti.,WAIT sababi: setup hali READY holatiga kelmagan.,,,,
2026-03-13 20:21:06,XAUUSD,H1,M15,Bearish (Tushish),Bearish (Tushish),H1 va M15 bir tomonda. Bearish alignment kuchli.,32.73,Bearish momentum,Bearish MACD momentum,Weak bearish candle,5035.97,5121.84,16.36,Narx support va resistance oralig'ida.,"Bearish trend bor, lekin narx entry zonasidan uzoq.",READY SELL,STRONG,WAIT,YES,YES,normal,"Sell setup tayyor. Entry, SL va TP asosida sell ko'rib chiqilishi mumkin.","ALERT: Setup bor, lekin risk/reward yoki tasdiq yetarli emas.","WAIT sababi: SELL uchun barcha final shartlar hali to‘liq bajarilmagan, risk/reward hali yetarli emas.",5062.04,5130.02,5035.97,
2026-03-13 20:21:16,XAUUSD,H1,M15,Bearish (Tushish),Bearish (Tushish),H1 va M15 bir tomonda. Bearish alignment kuchli.,32.8,Bearish momentum,Bearish MACD momentum,Weak bearish candle,5035.97,5121.84,16.36,Narx support va resistance oralig'ida.,"Bearish trend bor, lekin narx entry zonasidan uzoq.",READY SELL,STRONG,WAIT,YES,YES,normal,"Sell setup tayyor. Entry, SL va TP asosida sell ko'rib chiqilishi mumkin.","ALERT: Setup bor, lekin risk/reward yoki tasdiq yetarli emas.","WAIT sababi: SELL uchun barcha final shartlar hali to‘liq bajarilmagan, risk/reward hali yetarli emas.",5062.33,5130.02,5035.97,
2026-03-13 20:23:10,XAUUSD,H1,M15,Bearish (Tushish),Bearish (Tushish),H1 va M15 bir tomonda. Bearish alignment kuchli.,33.69,Bearish momentum,Bearish MACD momentum,Weak bearish candle,5035.97,5121.84,16.36,Narx support va resistance oralig'ida.,"Bearish trend bor, lekin narx entry zonasidan uzoq.",READY SELL,STRONG,WAIT,YES,YES,normal,"Sell setup tayyor. Entry, SL va TP asosida sell ko'rib chiqilishi mumkin.","ALERT: Setup bor, lekin risk/reward yoki tasdiq yetarli emas.","WAIT sababi: SELL uchun barcha final shartlar hali to‘liq bajarilmagan, risk/reward hali yetarli emas.",5065.83,5130.02,5035.97,
2026-03-14 09:49:00,XAUUSD,H1,M15,Bearish (Tushish),Bearish (Tushish),H1 va M15 bir tomonda. Bearish alignment kuchli.,33.59,Bearish momentum,Bearish MACD momentum,Weak bearish candle,5035.97,5121.84,16.36,Narx support va resistance oralig'ida.,"Bearish trend bor, lekin narx entry zonasidan uzoq.",READY SELL,STRONG,WAIT,YES,YES,normal,"Sell setup tayyor. Entry, SL va TP asosida sell ko'rib chiqilishi mumkin.","ALERT: Setup bor, lekin risk/reward yoki tasdiq yetarli emas.","WAIT sababi: SELL uchun barcha final shartlar hali to‘liq bajarilmagan, risk/reward hali yetarli emas.",5065.44,5130.02,5035.97,
2026-03-14 09:49:20,XAUUSD,H1,M15,Bearish (Tushish),Bearish (Tushish),H1 va M15 bir tomonda. Bearish alignment kuchli.,22.72,Oversold (bozor juda tushgan),Bearish MACD momentum,Weak bearish candle,5009.66,5063.88,10.91,Narx support ga yaqin.,"Bearish trend bor, lekin narx entry zonasidan uzoq.",SELL WATCH,MEDIUM,WAIT,YES,NO,normal,Sell setup shakllanmoqda. Resistance/EMA yaqinida kuzatish kerak.,ALERT: Sell setup kuzatilyapti.,WAIT sababi: setup hali READY holatiga kelmagan.,,,,
2026-03-15 12:06:01,XAUUSD,H1,M15,Bearish (Tushish),Bearish (Tushish),H1 va M15 bir tomonda. Bearish alignment kuchli.,22.72,Oversold (bozor juda tushgan),Bearish MACD momentum,Weak bearish candle,5009.66,5063.88,10.91,Narx support ga yaqin.,"Bearish trend bor, lekin narx entry zonasidan uzoq.",SELL WATCH,MEDIUM,WAIT,YES,NO,normal,Sell setup shakllanmoqda. Resistance/EMA yaqinida kuzatish kerak.,ALERT: Sell setup kuzatilyapti.,WAIT sababi: setup hali READY holatiga kelmagan.,,,,
2026-03-15 12:17:49,XAUUSD,H1,M15,Bearish (Tushish),Bearish (Tushish),H1 va M15 bir tomonda. Bearish alignment kuchli.,22.72,Oversold (bozor juda tushgan),Bearish MACD momentum,Weak bearish candle,5009.66,5063.88,10.91,Narx support ga yaqin.,"Bearish trend bor, lekin narx entry zonasidan uzoq.",SELL WATCH,MEDIUM,WAIT,YES,NO,normal,Sell setup shakllanmoqda. Resistance/EMA yaqinida kuzatish kerak.,ALERT: Sell setup kuzatilyapti.,WAIT sababi: setup hali READY holatiga kelmagan.,,,,
2026-03-15 12:24:08,XAUUSD,H1,M15,Bearish (Tushish),Bearish (Tushish),H1 va M15 bir tomonda. Bearish alignment kuchli.,22.72,Oversold (bozor juda tushgan),Bearish MACD momentum,Weak bearish candle,5009.66,5063.88,10.91,Narx support ga yaqin.,Bearish setup: narx kuchli zonada (Resistance/EMA/FVG). (Narx Bearish FVG zonasida!),NO TRADE,WEAK,WAIT,NO,NO,normal,Hozircha trade ochish tavsiya etilmaydi.,ALERT: Hozircha signal kuchsiz.,"WAIT sababi: setup hali READY holatiga kelmagan, signal strength yetarli emas.",,,,
2026-03-15 12:33:56,XAUUSD,H1,M15,Bearish (Tushish),Bearish (Tushish),H1 va M15 bir tomonda. Bearish alignment kuchli.,22.72,Oversold (bozor juda tushgan),Bearish MACD momentum,Weak bearish candle,5009.66,5063.88,10.91,Narx support ga yaqin.,Bearish setup: narx kuchli zonada (Resistance/EMA/FVG). (Narx Bearish FVG zonasida!),NO TRADE,WEAK,WAIT,NO,NO,normal,Hozircha trade ochish tavsiya etilmaydi.,ALERT: Hozircha signal kuchsiz.,"WAIT sababi: setup hali READY holatiga kelmagan, signal strength yetarli emas.",,,,
2026-03-15 12:42:47,XAUUSD,H1,M15,Bearish (Tushish),Bearish (Tushish),H1 va M15 bir tomonda. Bearish alignment kuchli.,22.72,Oversold (bozor juda tushgan),Bearish MACD momentum,Weak bearish candle,5009.66,5063.88,10.91,Narx support ga yaqin.,Bearish setup: narx kuchli zonada (Resistance/EMA/FVG). (Narx Bearish FVG zonasida!),SELL WATCH,MEDIUM,WAIT,YES,NO,normal,Sell setup shakllanmoqda. Resistance/EMA yaqinida kuzatish kerak.,ALERT: Sell setup kuzatilyapti.,WAIT sababi: setup hali READY holatiga kelmagan.,,,,
2026-03-15 12:56:21,XAUUSD,H1,M15,Bearish (Tushish),Bearish (Tushish),H1 va M15 bir tomonda. Bearish alignment kuchli.,22.72,Oversold (bozor juda tushgan),Bearish MACD momentum,Weak bearish candle,5009.66,5063.88,10.91,Narx support ga yaqin.,Bearish setup: narx kuchli zonada (Resistance/EMA/FVG). (Narx Bearish FVG zonasida!),SELL WATCH,MEDIUM,WAIT,YES,NO,normal,Sell setup shakllanmoqda. Resistance/EMA yaqinida kuzatish kerak.,ALERT: Sell setup kuzatilyapti.,WAIT sababi: setup hali READY holatiga kelmagan.,,,,
2026-03-15 13:02:07,XAUUSD,H1,M15,Bearish (Tushish),Bearish (Tushish),H1 va M15 bir tomonda. Bearish alignment kuchli.,22.72,Oversold (bozor juda tushgan),Bearish MACD momentum,Weak bearish candle,5009.66,5063.88,10.91,Narx support ga yaqin.,Bearish setup: narx kuchli zonada (Resistance/EMA/FVG). (Narx Bearish FVG zonasida!),SELL WATCH,WEAK,WAIT,YES,NO,normal,Sell setup shakllanmoqda. Resistance/EMA yaqinida kuzatish kerak.,ALERT: Sell setup kuzatilyapti.,"WAIT sababi: setup hali READY holatiga kelmagan, signal strength yetarli emas.",,,,
2026-03-15 15:46:07,XAUUSD,H1,M15,Bearish (Tushish),Bearish (Tushish),H1 va M15 bir tomonda. Bearish alignment kuchli.,22.72,Oversold (bozor juda tushgan),Bearish MACD momentum,Weak bearish candle,5009.66,5063.88,10.91,Narx support ga yaqin.,Bearish setup: narx kuchli zonada (Resistance/EMA/FVG). (Narx Bearish FVG zonasida!),SELL WATCH,WEAK,WAIT,YES,NO,normal,Sell setup shakllanmoqda. Resistance/EMA yaqinida kuzatish kerak.,ALERT: Sell setup kuzatilyapti.,"WAIT sababi: setup hali READY holatiga kelmagan, signal strength yetarli emas.",,,,
2026-03-15 16:36:56,XAUUSD,H1,M15,Bearish (Tushish),Bearish (Tushish),H1 va M15 bir tomonda. Bearish alignment kuchli.,22.72,Oversold (bozor juda tushgan),Bearish MACD momentum,Weak bearish candle,5009.66,5063.88,10.91,Narx support ga yaqin.,Bearish setup: narx kuchli zonada (Resistance/EMA/FVG). (Narx Bearish FVG zonasida!),SELL WATCH,WEAK,WAIT,YES,NO,normal,Sell setup shakllanmoqda. Resistance/EMA yaqinida kuzatish kerak.,ALERT: Sell setup kuzatilyapti.,"WAIT sababi: setup hali READY holatiga kelmagan, signal strength yetarli emas.",,,,
2026-03-15 16:40:42,XAUUSD,H1,M15,Bearish (Tushish),Bearish (Tushish),H1 va M15 bir tomonda. Bearish alignment kuchli.,22.72,Oversold (bozor juda tushgan),Bearish MACD momentum,Weak bearish candle,5009.66,5063.88,10.91,Narx support ga yaqin.,Bearish setup: narx kuchli zonada (Resistance/EMA/FVG). (Narx Bearish FVG zonasida!),SELL WATCH,WEAK,WAIT,YES,NO,normal,Sell setup shakllanmoqda. Resistance/EMA yaqinida kuzatish kerak.,ALERT: Sell setup kuzatilyapti.,"WAIT sababi: setup hali READY holatiga kelmagan, signal strength yetarli emas.",,,,
2026-03-15 16:41:37,XAUUSD,H1,M15,Bearish (Tushish),Bearish (Tushish),H1 va M15 bir tomonda. Bearish alignment kuchli.,22.72,Oversold (bozor juda tushgan),Bearish MACD momentum,Weak bearish candle,5009.66,5063.88,10.91,Narx support ga yaqin.,Bearish setup: narx kuchli zonada (Resistance/EMA/FVG). (Narx Bearish FVG zonasida!),SELL WATCH,WEAK,WAIT,YES,NO,normal,Sell setup shakllanmoqda. Resistance/EMA yaqinida kuzatish kerak.,ALERT: Sell setup kuzatilyapti.,"WAIT sababi: setup hali READY holatiga kelmagan, signal strength yetarli emas.",,,,
2026-03-15 16:42:02,XAUUSD,H1,M15,Bearish (Tushish),Bearish (Tushish),H1 va M15 bir tomonda. Bearish alignment kuchli.,22.72,Oversold (bozor juda tushgan),Bearish MACD momentum,Weak bearish candle,5009.66,5063.88,10.91,Narx support ga yaqin.,Bearish setup: narx kuchli zonada (Resistance/EMA/FVG). (Narx Bearish FVG zonasida!),SELL WATCH,WEAK,WAIT,YES,NO,normal,Sell setup shakllanmoqda. Resistance/EMA yaqinida kuzatish kerak.,ALERT: Sell setup kuzatilyapti.,"WAIT sababi: setup hali READY holatiga kelmagan, signal strength yetarli emas.",,,,
2026-03-15 16:52:10,XAUUSD,H1,M15,Bearish (Tushish),Bearish (Tushish),H1 va M15 bir tomonda. Bearish alignment kuchli.,22.72,Oversold (bozor juda tushgan),Bearish MACD momentum,Weak bearish candle,5009.66,5063.88,10.91,Narx support ga yaqin.,Bearish setup: narx kuchli zonada (Resistance/EMA/FVG). (Narx Bearish FVG zonasida!),SELL WATCH,WEAK,WAIT,YES,NO,normal,Sell setup shakllanmoqda. Resistance/EMA yaqinida kuzatish kerak.,ALERT: Sell setup kuzatilyapti.,"WAIT sababi: setup hali READY holatiga kelmagan, signal strength yetarli emas.",,,,
2026-03-15 16:56:41,XAUUSD,H1,M15,Bearish (Tushish),Bearish (Tushish),H1 va M15 bir tomonda. Bearish alignment kuchli.,22.72,Oversold (bozor juda tushgan),Bearish MACD momentum,Weak bearish candle,5009.66,5063.88,10.91,Narx support ga yaqin.,Bearish setup: narx kuchli zonada (Resistance/EMA/FVG). (Narx Bearish FVG zonasida!),SELL WATCH,WEAK,WAIT,YES,NO,normal,Sell setup shakllanmoqda. Resistance/EMA yaqinida kuzatish kerak.,ALERT: Sell setup kuzatilyapti.,"WAIT sababi: setup hali READY holatiga kelmagan, signal strength yetarli emas.",,,,
2026-03-15 17:34:39,XAUUSD,H1,M15,Bearish (Tushish),Bearish (Tushish),H1 va M15 bir tomonda. Bearish alignment kuchli.,22.72,Oversold (bozor juda tushgan),Bearish MACD momentum,Weak bearish candle,5009.66,5063.88,10.91,Narx support ga yaqin.,Bearish setup: narx kuchli zonada (Resistance/EMA/FVG). (Narx Bearish FVG zonasida!),SELL WATCH,WEAK,WAIT,YES,NO,normal,Sell setup shakllanmoqda. Resistance/EMA yaqinida kuzatish kerak.,ALERT: Sell setup kuzatilyapti.,"WAIT sababi: setup hali READY holatiga kelmagan, signal strength yetarli emas.",,,,
2026-03-15 17:39:55,XAUUSD,H1,M15,Bearish (Tushish),Bearish (Tushish),H1 va M15 bir tomonda. Bearish alignment kuchli.,22.72,Oversold (bozor juda tushgan),Bearish MACD momentum,Weak bearish candle,5009.66,5063.88,10.91,Narx support ga yaqin.,Bearish setup: narx kuchli zonada (Resistance/EMA/FVG). (Narx Bearish FVG zonasida!),SELL WATCH,WEAK,WAIT,YES,NO,normal,Sell setup shakllanmoqda. Resistance/EMA yaqinida kuzatish kerak.,ALERT: Sell setup kuzatilyapti.,"WAIT sababi: setup hali READY holatiga kelmagan, signal strength yetarli emas.",,,,
2026-03-15 20:10:20,XAUUSD,H1,M15,Bearish (Tushish),Bearish (Tushish),H1 va M15 bir tomonda. Bearish alignment kuchli.,22.72,Oversold (bozor juda tushgan),Bearish MACD momentum,Weak bearish candle,5009.66,5063.88,10.91,Narx support ga yaqin.,Bearish setup: narx kuchli zonada (Resistance/EMA/FVG). (Narx Bearish FVG zonasida!),SELL WATCH,WEAK,WAIT,YES,NO,normal,Sell setup shakllanmoqda. Resistance/EMA yaqinida kuzatish kerak.,ALERT: Sell setup kuzatilyapti.,"WAIT sababi: setup hali READY holatiga kelmagan, signal strength yetarli emas.",,,,
2026-03-15 21:15:24,XAUUSD,H1,M15,Bearish (Tushish),Bearish (Tushish),H1 va M15 bir tomonda. Bearish alignment kuchli.,22.72,Oversold (bozor juda tushgan),Bearish MACD momentum,Weak bearish candle,5009.66,5063.88,10.91,Narx support ga yaqin.,Bearish setup: narx kuchli zonada (Resistance/EMA/FVG). (Narx Bearish FVG zonasida!),SELL WATCH,WEAK,WAIT,YES,NO,normal,Sell setup shakllanmoqda. Resistance/EMA yaqinida kuzatish kerak.,ALERT: Sell setup kuzatilyapti.,"WAIT sababi: setup hali READY holatiga kelmagan, signal strength yetarli emas.",,,,
2026-03-15 21:19:45,XAUUSD,H1,M15,Bearish (Tushish),Bearish (Tushish),H1 va M15 bir tomonda. Bearish alignment kuchli.,22.72,Oversold (bozor juda tushgan),Bearish MACD momentum,Weak bearish candle,5009.66,5063.88,10.91,Narx support ga yaqin.,Bearish setup: narx kuchli zonada (Resistance/EMA/FVG). (Narx Bearish FVG zonasida!),SELL WATCH,WEAK,WAIT,YES,NO,normal,Sell setup shakllanmoqda. Resistance/EMA yaqinida kuzatish kerak.,ALERT: Sell setup kuzatilyapti.,"WAIT sababi: setup hali READY holatiga kelmagan, signal strength yetarli emas.",,,,
2026-03-15 21:36:29,XAUUSD,H1,M15,Bearish (Tushish),Bearish (Tushish),H1 va M15 bir tomonda. Bearish alignment kuchli.,22.72,Oversold (bozor juda tushgan),Bearish MACD momentum,Weak bearish candle,5009.66,5063.88,10.91,Narx support ga yaqin.,Bearish setup: narx kuchli zonada (Resistance/EMA/FVG). (Narx Bearish FVG zonasida!),SELL WATCH,WEAK,WAIT,YES,NO,normal,Sell setup shakllanmoqda. Resistance/EMA yaqinida kuzatish kerak.,ALERT: Sell setup kuzatilyapti.,"WAIT sababi: setup hali READY holatiga kelmagan, signal strength yetarli emas.",,,,
2026-03-15 21:38:13,XAUUSD,H1,M15,Bearish (Tushish),Bearish (Tushish),H1 va M15 bir tomonda. Bearish alignment kuchli.,22.72,Oversold (bozor juda tushgan),Bearish MACD momentum,Weak bearish candle,5009.66,5063.88,10.91,Narx support ga yaqin.,Bearish setup: narx kuchli zonada (Resistance/EMA/FVG). (Narx Bearish FVG zonasida!),SELL WATCH,WEAK,WAIT,YES,NO,normal,Sell setup shakllanmoqda. Resistance/EMA yaqinida kuzatish kerak.,ALERT: Sell setup kuzatilyapti.,"WAIT sababi: setup hali READY holatiga kelmagan, signal strength yetarli emas.",,,,
2026-03-15 21:38:23,XAUUSD,H1,M15,Bearish (Tushish),Bearish (Tushish),H1 va M15 bir tomonda. Bearish alignment kuchli.,22.72,Oversold (bozor juda tushgan),Bearish MACD momentum,Weak bearish candle,5009.66,5063.88,10.91,Narx support ga yaqin.,Bearish setup: narx kuchli zonada (Resistance/EMA/FVG). (Narx Bearish FVG zonasida!),SELL WATCH,WEAK,WAIT,YES,NO,normal,Sell setup shakllanmoqda. Resistance/EMA yaqinida kuzatish kerak.,ALERT: Sell setup kuzatilyapti.,"WAIT sababi: setup hali READY holatiga kelmagan, signal strength yetarli emas.",,,,
2026-03-15 21:38:33,XAUUSD,H1,M15,Bearish (Tushish),Bearish (Tushish),H1 va M15 bir tomonda. Bearish alignment kuchli.,22.72,Oversold (bozor juda tushgan),Bearish MACD momentum,Weak bearish candle,5009.66,5063.88,10.91,Narx support ga yaqin.,Bearish setup: narx kuchli zonada (Resistance/EMA/FVG). (Narx Bearish FVG zonasida!),SELL WATCH,WEAK,WAIT,YES,NO,normal,Sell setup shakllanmoqda. Resistance/EMA yaqinida kuzatish kerak.,ALERT: Sell setup kuzatilyapti.,"WAIT sababi: setup hali READY holatiga kelmagan, signal strength yetarli emas.",,,,
2026-03-15 21:38:43,XAUUSD,H1,M15,Bearish (Tushish),Bearish (Tushish),H1 va M15 bir tomonda. Bearish alignment kuchli.,22.72,Oversold (bozor juda tushgan),Bearish MACD momentum,Weak bearish candle,5009.66,5063.88,10.91,Narx support ga yaqin.,Bearish setup: narx kuchli zonada (Resistance/EMA/FVG). (Narx Bearish FVG zonasida!),SELL WATCH,WEAK,WAIT,YES,NO,normal,Sell setup shakllanmoqda. Resistance/EMA yaqinida kuzatish kerak.,ALERT: Sell setup kuzatilyapti.,"WAIT sababi: setup hali READY holatiga kelmagan, signal strength yetarli emas.",,,,
2026-03-15 21:38:53,XAUUSD,H1,M15,Bearish (Tushish),Bearish (Tushish),H1 va M15 bir tomonda. Bearish alignment kuchli.,22.72,Oversold (bozor juda tushgan),Bearish MACD momentum,Weak bearish candle,5009.66,5063.88,10.91,Narx support ga yaqin.,Bearish setup: narx kuchli zonada (Resistance/EMA/FVG). (Narx Bearish FVG zonasida!),SELL WATCH,WEAK,WAIT,YES,NO,normal,Sell setup shakllanmoqda. Resistance/EMA yaqinida kuzatish kerak.,ALERT: Sell setup kuzatilyapti.,"WAIT sababi: setup hali READY holatiga kelmagan, signal strength yetarli emas.",,,,
2026-03-15 21:39:03,XAUUSD,H1,M15,Bearish (Tushish),Bearish (Tushish),H1 va M15 bir tomonda. Bearish alignment kuchli.,22.72,Oversold (bozor juda tushgan),Bearish MACD momentum,Weak bearish candle,5009.66,5063.88,10.91,Narx support ga yaqin.,Bearish setup: narx kuchli zonada (Resistance/EMA/FVG). (Narx Bearish FVG zonasida!),SELL WATCH,WEAK,WAIT,YES,NO,normal,Sell setup shakllanmoqda. Resistance/EMA yaqinida kuzatish kerak.,ALERT: Sell setup kuzatilyapti.,"WAIT sababi: setup hali READY holatiga kelmagan, signal strength yetarli emas.",,,,
2026-03-15 21:39:13,XAUUSD,H1,M15,Bearish (Tushish),Bearish (Tushish),H1 va M15 bir tomonda. Bearish alignment kuchli.,22.72,Oversold (bozor juda tushgan),Bearish MACD momentum,Weak bearish candle,5009.66,5063.88,10.91,Narx support ga yaqin.,Bearish setup: narx kuchli zonada (Resistance/EMA/FVG). (Narx Bearish FVG zonasida!),SELL WATCH,WEAK,WAIT,YES,NO,normal,Sell setup shakllanmoqda. Resistance/EMA yaqinida kuzatish kerak.,ALERT: Sell setup kuzatilyapti.,"WAIT sababi: setup hali READY holatiga kelmagan, signal strength yetarli emas.",,,,
2026-03-15 21:39:17,XAUUSD,H1,M15,Bearish (Tushish),Bearish (Tushish),H1 va M15 bir tomonda. Bearish alignment kuchli.,22.72,Oversold (bozor juda tushgan),Bearish MACD momentum,Weak bearish candle,5009.66,5063.88,10.91,Narx support ga yaqin.,Bearish setup: narx kuchli zonada (Resistance/EMA/FVG). (Narx Bearish FVG zonasida!),SELL WATCH,WEAK,WAIT,YES,NO,normal,Sell setup shakllanmoqda. Resistance/EMA yaqinida kuzatish kerak.,ALERT: Sell setup kuzatilyapti.,"WAIT sababi: setup hali READY holatiga kelmagan, signal strength yetarli emas.",,,,
2026-03-15 21:46:29,XAUUSD,H1,M15,Bearish (Tushish),Bearish (Tushish),H1 va M15 bir tomonda. Bearish alignment kuchli.,22.72,Oversold (bozor juda tushgan),Bearish MACD momentum,Weak bearish candle,5009.66,5063.88,10.91,Narx support ga yaqin.,Bearish setup: narx kuchli zonada (Resistance/EMA/FVG). (Narx Bearish FVG zonasida!),SELL WATCH,WEAK,WAIT,YES,NO,normal,Sell setup shakllanmoqda. Resistance/EMA yaqinida kuzatish kerak.,ALERT: Sell setup kuzatilyapti.,"WAIT sababi: setup hali READY holatiga kelmagan, signal strength yetarli emas.",,,,
2026-03-15 21:48:32,XAUUSD,H1,M15,Bearish (Tushish),Bearish (Tushish),H1 va M15 bir tomonda. Bearish alignment kuchli.,22.72,Oversold (bozor juda tushgan),Bearish MACD momentum,Weak bearish candle,5009.66,5063.88,10.91,Narx support ga yaqin.,Bearish setup: narx kuchli zonada (Resistance/EMA/FVG). (Narx Bearish FVG zonasida!),SELL WATCH,WEAK,WAIT,YES,NO,normal,Sell setup shakllanmoqda. Resistance/EMA yaqinida kuzatish kerak.,ALERT: Sell setup kuzatilyapti.,"WAIT sababi: setup hali READY holatiga kelmagan, signal strength yetarli emas.",,,,
2026-03-15 22:03:32,XAUUSD,H1,M15,Bearish (Tushish),Bearish (Tushish),H1 va M15 bir tomonda. Bearish alignment kuchli.,22.72,Oversold (bozor juda tushgan),Bearish MACD momentum,Weak bearish candle,5009.66,5063.88,10.91,Narx support ga yaqin.,Bearish setup: narx kuchli zonada (Resistance/EMA/FVG). (Narx Bearish FVG zonasida!),SELL WATCH,WEAK,WAIT,YES,NO,normal,Sell setup shakllanmoqda. Resistance/EMA yaqinida kuzatish kerak.,ALERT: Sell setup kuzatilyapti.,"WAIT sababi: setup hali READY holatiga kelmagan, signal strength yetarli emas.",,,,
2026-03-15 22:18:32,XAUUSD,H1,M15,Bearish (Tushish),Bearish (Tushish),H1 va M15 bir tomonda. Bearish alignment kuchli.,22.72,Oversold (bozor juda tushgan),Bearish MACD momentum,Weak bearish candle,5009.66,5063.88,10.91,Narx support ga yaqin.,Bearish setup: narx kuchli zonada (Resistance/EMA/FVG). (Narx Bearish FVG zonasida!),SELL WATCH,WEAK,WAIT,YES,NO,normal,Sell setup shakllanmoqda. Resistance/EMA yaqinida kuzatish kerak.,ALERT: Sell setup kuzatilyapti.,"WAIT sababi: setup hali READY holatiga kelmagan, signal strength yetarli emas.",,,,
2026-03-15 22:33:32,XAUUSD,H1,M15,Bearish (Tushish),Bearish (Tushish),H1 va M15 bir tomonda. Bearish alignment kuchli.,22.72,Oversold (bozor juda tushgan),Bearish MACD momentum,Weak bearish candle,5009.66,5063.88,10.91,Narx support ga yaqin.,Bearish setup: narx kuchli zonada (Resistance/EMA/FVG). (Narx Bearish FVG zonasida!),SELL WATCH,WEAK,WAIT,YES,NO,normal,Sell setup shakllanmoqda. Resistance/EMA yaqinida kuzatish kerak.,ALERT: Sell setup kuzatilyapti.,"WAIT sababi: setup hali READY holatiga kelmagan, signal strength yetarli emas.",,,,
2026-03-15 22:48:32,XAUUSD,H1,M15,Bearish (Tushish),Bearish (Tushish),H1 va M15 bir tomonda. Bearish alignment kuchli.,22.72,Oversold (bozor juda tushgan),Bearish MACD momentum,Weak bearish candle,5009.66,5063.88,10.91,Narx support ga yaqin.,Bearish setup: narx kuchli zonada (Resistance/EMA/FVG). (Narx Bearish FVG zonasida!),SELL WATCH,WEAK,WAIT,YES,NO,normal,Sell setup shakllanmoqda. Resistance/EMA yaqinida kuzatish kerak.,ALERT: Sell setup kuzatilyapti.,"WAIT sababi: setup hali READY holatiga kelmagan, signal strength yetarli emas.",,,,
2026-03-15 22:49:45,XAUUSD,H1,M15,Bearish (Tushish),Bearish (Tushish),H1 va M15 bir tomonda. Bearish alignment kuchli.,22.72,Oversold (bozor juda tushgan),Bearish MACD momentum,Weak bearish candle,5009.66,5063.88,10.91,Narx support ga yaqin.,Bearish setup: narx kuchli zonada (Resistance/EMA/FVG). (Narx Bearish FVG zonasida!),SELL WATCH,WEAK,WAIT,YES,NO,normal,Sell setup shakllanmoqda. Resistance/EMA yaqinida kuzatish kerak.,ALERT: Sell setup kuzatilyapti.,"WAIT sababi: setup hali READY holatiga kelmagan, signal strength yetarli emas.",,,,
2026-03-15 22:59:39,XAUUSD,H1,M15,Bearish (Tushish),Bearish (Tushish),H1 va M15 bir tomonda. Bearish alignment kuchli.,22.72,Oversold (bozor juda tushgan),Bearish MACD momentum,Weak bearish candle,5009.66,5063.88,10.91,Narx support ga yaqin.,Bearish setup: narx kuchli zonada (Resistance/EMA/FVG). (Narx Bearish FVG zonasida!),SELL WATCH,WEAK,WAIT,YES,NO,normal,Sell setup shakllanmoqda. Resistance/EMA yaqinida kuzatish kerak.,ALERT: Sell setup kuzatilyapti.,"WAIT sababi: setup hali READY holatiga kelmagan, signal strength yetarli emas.",,,,
2026-03-15 23:14:39,XAUUSD,H1,M15,Bearish (Tushish),Bearish (Tushish),H1 va M15 bir tomonda. Bearish alignment kuchli.,22.72,Oversold (bozor juda tushgan),Bearish MACD momentum,Weak bearish candle,5009.66,5063.88,10.91,Narx support ga yaqin.,Bearish setup: narx kuchli zonada (Resistance/EMA/FVG). (Narx Bearish FVG zonasida!),SELL WATCH,WEAK,WAIT,YES,NO,normal,Sell setup shakllanmoqda. Resistance/EMA yaqinida kuzatish kerak.,ALERT: Sell setup kuzatilyapti.,"WAIT sababi: setup hali READY holatiga kelmagan, signal strength yetarli emas.",,,,
2026-03-15 23:19:06,XAUUSD,H1,M15,Bearish (Tushish),Bearish (Tushish),H1 va M15 bir tomonda. Bearish alignment kuchli.,22.72,Oversold (bozor juda tushgan),Bearish MACD momentum,Weak bearish candle,5009.66,5063.88,10.91,Narx support ga yaqin.,Bearish setup: narx kuchli zonada (Resistance/EMA/FVG). (Narx Bearish FVG zonasida!),SELL WATCH,WEAK,WAIT,YES,NO,normal,Sell setup shakllanmoqda. Resistance/EMA yaqinida kuzatish kerak.,ALERT: Sell setup kuzatilyapti.,"WAIT sababi: setup hali READY holatiga kelmagan, signal strength yetarli emas.",,,,
2026-03-15 23:29:56,XAUUSD,H1,M15,Bearish (Tushish),Bearish (Tushish),H1 va M15 bir tomonda. Bearish alignment kuchli.,22.72,Oversold (bozor juda tushgan),Bearish MACD momentum,Weak bearish candle,5009.66,5063.88,10.91,Narx support ga yaqin.,Bearish setup: narx kuchli zonada (Resistance/EMA/FVG). (Narx Bearish FVG zonasida!),SELL WATCH,WEAK,WAIT,YES,NO,normal,Sell setup shakllanmoqda. Resistance/EMA yaqinida kuzatish kerak.,ALERT: Sell setup kuzatilyapti.,"WAIT sababi: setup hali READY holatiga kelmagan, signal strength yetarli emas.",,,,
2026-03-16 08:11:33,XAUUSD,H1,M15,Bearish (Tushish),Bearish (Tushish),H1 va M15 bir tomonda. Bearish alignment kuchli.,22.72,Oversold (bozor juda tushgan),Bearish MACD momentum,Weak bearish candle,5009.66,5063.88,10.91,Narx support ga yaqin.,Bearish setup: narx kuchli zonada (Resistance/EMA/FVG). (Narx Bearish FVG zonasida!),SELL WATCH,WEAK,WAIT,YES,NO,normal,Sell setup shakllanmoqda. Resistance/EMA yaqinida kuzatish kerak.,ALERT: Sell setup kuzatilyapti.,"WAIT sababi: setup hali READY holatiga kelmagan, signal strength yetarli emas.",,,,
2026-03-16 09:44:46,XAUUSD,H1,M15,Bearish (Tushish),Bearish (Tushish),H1 va M15 bir tomonda. Bearish alignment kuchli.,69.4,Bullish momentum,Bullish MACD momentum,Bearish candle confirmation,4982.63,5031.05,11.01,Narx support va resistance oralig'ida.,Bearish setup: narx kuchli zonada (Resistance/EMA/FVG). (Narx Bullish FVG zonasida!),SELL WATCH,MEDIUM,WAIT,YES,NO,normal,Sell setup shakllanmoqda. Resistance/EMA yaqinida kuzatish kerak.,ALERT: Sell setup kuzatilyapti.,WAIT sababi: setup hali READY holatiga kelmagan.,,,,
2026-03-16 09:59:47,XAUUSD,H1,M15,Bearish (Tushish),Bearish (Tushish),H1 va M15 bir tomonda. Bearish alignment kuchli.,65.51,Bullish momentum,Bullish MACD momentum,Bearish candle confirmation,4982.63,5026.29,9.8,Narx support va resistance oralig'ida.,Bearish setup: narx kuchli zonada (Resistance/EMA/FVG). (Narx Bearish FVG zonasida!),SELL WATCH,MEDIUM,WAIT,YES,NO,normal,Sell setup shakllanmoqda. Resistance/EMA yaqinida kuzatish kerak.,ALERT: Sell setup kuzatilyapti.,WAIT sababi: setup hali READY holatiga kelmagan.,,,,
2026-03-16 10:14:23,XAUUSD,H1,M15,Bearish (Tushish),Bearish (Tushish),H1 va M15 bir tomonda. Bearish alignment kuchli.,56.3,Bullish momentum,Bullish MACD momentum,Strong Bearish confirmation (Liquidity Sweep / Pin Bar),4982.63,5026.29,8.58,Narx support va resistance oralig'ida.,Bearish setup: narx kuchli zonada (Resistance/EMA/FVG). (Narx Bearish FVG zonasida!),READY SELL,STRONG,SELL,YES,YES,normal,"Sell setup tayyor. Entry, SL va TP asosida sell ko'rib chiqilishi mumkin.",ALERT: Sell signali tayyor.,"SELL signal tasdiqlandi. Setup, candle confirmation va risk/reward mos keldi. | AUTO TRADE OFF",5012.22,5028.01,4982.63,1.87
2026-03-16 10:17:25,XAUUSD,H1,M15,Bearish (Tushish),Bearish (Tushish),H1 va M15 bir tomonda. Bearish alignment kuchli.,44.03,Bearish momentum,Bullish MACD momentum,Bearish candle confirmation,4982.63,5026.29,7.89,Narx support va resistance oralig'ida.,Bearish setup: narx kuchli zonada (Resistance/EMA/FVG). (Narx Bearish FVG zonasida!),SELL WATCH,MEDIUM,WAIT,YES,NO,normal,Sell setup shakllanmoqda. Resistance/EMA yaqinida kuzatish kerak.,ALERT: Sell setup kuzatilyapti.,WAIT sababi: setup hali READY holatiga kelmagan.,,,,
2026-03-16 10:27:27,XAUUSD,H1,M15,Bearish (Tushish),Bearish (Tushish),H1 va M15 bir tomonda. Bearish alignment kuchli.,45.33,Bearish momentum,Bullish MACD momentum,Bearish candle confirmation,4982.63,5026.29,7.96,Narx support va resistance oralig'ida.,Bearish setup: narx kuchli zonada (Resistance/EMA/FVG). (Narx Bearish FVG zonasida!),SELL WATCH,MEDIUM,WAIT,YES,NO,normal,Sell setup shakllanmoqda. Resistance/EMA yaqinida kuzatish kerak.,ALERT: Sell setup kuzatilyapti.,WAIT sababi: setup hali READY holatiga kelmagan.,,,,
2026-03-16 10:42:27,XAUUSD,H1,M15,Bearish (Tushish),Bearish (Tushish),H1 va M15 bir tomonda. Bearish alignment kuchli.,49.57,Bearish momentum,Bullish MACD momentum,Bullish candle confirmation (Engulfing),4982.63,5026.29,8.38,Narx support va resistance oralig'ida.,Bearish setup: narx kuchli zonada (Resistance/EMA/FVG). (Narx Bearish FVG zonasida!),SELL WATCH,STRONG,WAIT,YES,NO,normal,Sell setup shakllanmoqda. Resistance/EMA yaqinida kuzatish kerak.,ALERT: Sell setup kuzatilyapti.,WAIT sababi: setup hali READY holatiga kelmagan.,,,,
2026-03-16 11:41:32,XAUUSD,H1,M15,Bearish (Tushish),Bearish (Tushish),H1 va M15 bir tomonda. Bearish alignment kuchli.,70.25,Overbought (bozor juda qizigan),Bullish MACD momentum,Bearish candle confirmation (Engulfing),4997.92,5026.29,8.32,Narx resistance ga yaqin.,Bearish setup: narx kuchli zonada (Resistance/EMA/FVG). (Narx Bullish FVG zonasida!),READY SELL,STRONG,SELL,YES,YES,normal,"Sell setup tayyor. Entry, SL va TP asosida sell ko'rib chiqilishi mumkin.",ALERT: Sell signali tayyor.,"SELL signal tasdiqlandi. Setup, candle confirmation va risk/reward mos keldi. | AUTO TRADE OFF",5023.48,5027.95,4997.92,5.72
2026-03-16 11:59:01,XAUUSD,H1,M15,Bearish (Tushish),Bearish (Tushish),H1 va M15 bir tomonda. Bearish alignment kuchli.,52.27,Bullish momentum,Bullish MACD momentum,Bearish candle confirmation,4997.92,5036.17,8.64,Narx support va resistance oralig'ida.,Bearish setup: narx kuchli zonada (Resistance/EMA/FVG).,SELL WATCH,MEDIUM,WAIT,YES,NO,normal,Sell setup shakllanmoqda. Resistance/EMA yaqinida kuzatish kerak.,ALERT: Sell setup kuzatilyapti.,WAIT sababi: setup hali READY holatiga kelmagan.,,,,
2026-03-16 12:14:02,XAUUSD,H1,M15,Bearish (Tushish),Bearish (Tushish),H1 va M15 bir tomonda. Bearish alignment kuchli.,43.45,Bearish momentum,Bullish MACD momentum,Strong Bearish confirmation (Liquidity Sweep / Pin Bar),4997.92,5036.17,8.5,Narx support va resistance oralig'ida.,Bearish setup: narx kuchli zonada (Resistance/EMA/FVG). (Narx Bearish FVG zonasida!),READY SELL,STRONG,WAIT,YES,YES,normal,"Sell setup tayyor. Entry, SL va TP asosida sell ko'rib chiqilishi mumkin.","ALERT: Setup bor, lekin risk/reward yoki tasdiq yetarli emas.","WAIT sababi: SELL uchun barcha final shartlar hali to‘liq bajarilmagan, risk/reward hali yetarli emas.",5012.16,5037.87,4997.92,0.55
2026-03-16 12:34:29,XAUUSD,H1,M15,Bearish (Tushish),Bearish (Tushish),H1 va M15 bir tomonda. Bearish alignment kuchli.,34.7,Bearish momentum,Bearish MACD momentum,Bearish candle confirmation,4997.92,5036.17,9.0,Narx support ga yaqin.,"Bearish trend bor, lekin narx entry zonasidan uzoq.",NO TRADE,WEAK,WAIT,NO,NO,normal,Hozircha trade ochish tavsiya etilmaydi.,ALERT: Hozircha signal kuchsiz.,"WAIT sababi: setup hali READY holatiga kelmagan, signal strength yetarli emas.",,,,
2026-03-16 12:37:21,XAUUSD,H1,M15,Bearish (Tushish),Bearish (Tushish),H1 va M15 bir tomonda. Bearish alignment kuchli.,27.73,Oversold (bozor juda tushgan),Bearish MACD momentum,Bearish candle confirmation,4997.92,5036.17,9.22,Narx support ga yaqin.,"Bearish trend bor, lekin narx entry zonasidan uzoq.",NO TRADE,WEAK,WAIT,NO,NO,normal,Hozircha trade ochish tavsiya etilmaydi.,ALERT: Hozircha signal kuchsiz.,"WAIT sababi: setup hali READY holatiga kelmagan, signal strength yetarli emas.",,,,
2026-03-16 12:46:57,XAUUSD,H1,M15,Bearish (Tushish),Bearish (Tushish),H1 va M15 bir tomonda. Bearish alignment kuchli.,34.05,Bearish momentum,Bearish MACD momentum,Weak bullish candle,4997.92,5036.17,9.71,Narx support ga yaqin.,Bearish setup: narx kuchli zonada (Resistance/EMA/FVG). (Narx Bearish FVG zonasida!),SELL WATCH,WEAK,WAIT,YES,NO,normal,Sell setup shakllanmoqda. Resistance/EMA yaqinida kuzatish kerak.,ALERT: Sell setup kuzatilyapti.,"WAIT sababi: setup hali READY holatiga kelmagan, signal strength yetarli emas.",,,,
2026-03-16 13:01:57,XAUUSD,H1,M15,Bearish (Tushish),Bearish (Tushish),H1 va M15 bir tomonda. Bearish alignment kuchli.,33.9,Bearish momentum,Bearish MACD momentum,Weak bullish candle,4991.92,5036.17,9.35,Narx support ga yaqin.,"Bearish trend bor, lekin narx entry zonasidan uzoq.",NO TRADE,WEAK,WAIT,NO,NO,normal,Hozircha trade ochish tavsiya etilmaydi.,ALERT: Hozircha signal kuchsiz.,"WAIT sababi: setup hali READY holatiga kelmagan, signal strength yetarli emas.",,,,
2026-03-16 13:16:58,XAUUSD,H1,M15,Bearish (Tushish),Bearish (Tushish),H1 va M15 bir tomonda. Bearish alignment kuchli.,33.98,Bearish momentum,Bearish MACD momentum,Weak bullish candle,4997.92,5036.17,9.8,Narx support ga yaqin.,Bearish setup: narx kuchli zonada (Resistance/EMA/FVG). (Narx Bearish FVG zonasida!),SELL WATCH,WEAK,WAIT,YES,NO,normal,Sell setup shakllanmoqda. Resistance/EMA yaqinida kuzatish kerak.,ALERT: Sell setup kuzatilyapti.,"WAIT sababi: setup hali READY holatiga kelmagan, signal strength yetarli emas.",,,,
2026-03-16 16:59:12,XAUUSD,H1,M15,Bearish (Tushish),Bearish (Tushish),H1 va M15 bir tomonda. Bearish alignment kuchli.,35.37,Bearish momentum,Bearish MACD momentum,Weak bearish candle,4997.92,5036.17,11.01,Narx support ga yaqin.,"Bearish trend bor, lekin narx entry zonasidan uzoq.",NO TRADE,WEAK,WAIT,NO,NO,normal,Hozircha trade ochish tavsiya etilmaydi.,ALERT: Hozircha signal kuchsiz.,STOP: AQSH yangiliklari vaqti (xavfli vaqt),,,,
2026-03-16 17:14:12,XAUUSD,H1,M15,Bearish (Tushish),Bearish (Tushish),H1 va M15 bir tomonda. Bearish alignment kuchli.,58.18,Bullish momentum,Bullish MACD momentum,Weak bullish candle,4970.11,5022.63,12.42,Narx support va resistance oralig'ida.,Bearish setup: narx kuchli zonada (Resistance/EMA/FVG). (Narx Bearish FVG zonasida!),SELL WATCH,WEAK,WAIT,YES,NO,normal,Sell setup shakllanmoqda. Resistance/EMA yaqinida kuzatish kerak.,ALERT: Sell setup kuzatilyapti.,STOP: AQSH yangiliklari vaqti (xavfli vaqt),,,,
2026-03-16 17:29:13,XAUUSD,H1,M15,Bearish (Tushish),Bearish (Tushish),H1 va M15 bir tomonda. Bearish alignment kuchli.,63.45,Bullish momentum,Bullish MACD momentum,Bullish candle confirmation,4970.11,5022.63,13.28,Narx resistance ga yaqin.,Bearish setup: narx kuchli zonada (Resistance/EMA/FVG).,SELL WATCH,MEDIUM,WAIT,YES,NO,normal,Sell setup shakllanmoqda. Resistance/EMA yaqinida kuzatish kerak.,ALERT: Sell setup kuzatilyapti.,STOP: AQSH yangiliklari vaqti (xavfli vaqt),,,,
2026-03-16 17:44:13,XAUUSD,H1,M15,Bearish (Tushish),Bearish (Tushish),H1 va M15 bir tomonda. Bearish alignment kuchli.,66.58,Bullish momentum,Bullish MACD momentum,Weak bearish candle,4970.11,5022.63,12.9,Narx resistance ga yaqin.,Bearish setup: narx kuchli zonada (Resistance/EMA/FVG). (Narx Bullish FVG zonasida!),SELL WATCH,WEAK,WAIT,YES,NO,normal,Sell setup shakllanmoqda. Resistance/EMA yaqinida kuzatish kerak.,ALERT: Sell setup kuzatilyapti.,STOP: AQSH yangiliklari vaqti (xavfli vaqt),,,,
2026-03-16 17:59:13,XAUUSD,H1,M15,Bearish (Tushish),Bearish (Tushish),H1 va M15 bir tomonda. Bearish alignment kuchli.,64.18,Bullish momentum,Bullish MACD momentum,Strong Bullish confirmation (Liquidity Sweep / Pin Bar),4970.11,5022.63,13.13,Narx resistance ga yaqin.,Bearish setup: narx kuchli zonada (Resistance/EMA/FVG). (Narx Bullish FVG zonasida!),SELL WATCH,STRONG,WAIT,YES,NO,normal,Sell setup shakllanmoqda. Resistance/EMA yaqinida kuzatish kerak.,ALERT: Sell setup kuzatilyapti.,STOP: AQSH yangiliklari vaqti (xavfli vaqt),,,,
